{
  "formatVersion": 1,
  "database": {
    "version": 1,
    "identityHash": "51dcbd9e20187121626c80b630e39669",
    "entities": [
      {
        "tableName": "note",
        "createSql": "CREATE TABLE IF NOT EXISTS `${TABLE_NAME}` (`id` INTEGER PRIMARY KEY AUTOINCREMENT NOT NULL, `text` TEXT, `updateTime` INTEGER NOT NULL, `createTime` INTEGER NOT NULL, `bgType` INTEGER NOT NULL)",
        "fields": [
          {
            "fieldPath": "id",
            "columnName": "id",
            "affinity": "INTEGER",
            "notNull": true
          },
          {
            "fieldPath": "text",
            "columnName": "text",
            "affinity": "TEXT",
            "notNull": false
          },
          {
            "fieldPath": "updateTime",
            "columnName": "updateTime",
            "affinity": "INTEGER",
            "notNull": true
          },
          {
            "fieldPath": "createTime",
            "columnName": "createTime",
            "affinity": "INTEGER",
            "notNull": true
          },
          {
            "fieldPath": "bgType",
            "columnName": "bgType",
            "affinity": "INTEGER",
            "notNull": true
          }
        ],
        "primaryKey": {
          "columnNames": [
            "id"
          ],
          "autoGenerate": true
        },
        "indices": [],
        "foreignKeys": []
      }
    ],
    "setupQueries": [
      "CREATE TABLE IF NOT EXISTS room_master_table (id INTEGER PRIMARY KEY,identity_hash TEXT)",
      "INSERT OR REPLACE INTO room_master_table (id,identity_hash) VALUES(42, \"51dcbd9e20187121626c80b630e39669\")"
    ]
  }
}